Unité,Type,MAE,RMSE,R²
GFPP_5,p,2.454,3.3716,0.3548
GFPP_21,p,1.9084,2.4029,0.7465
GFPP_2,p,1.7366,2.1917,0.7597
GFPP_3,p,1.4183,1.8101,0.3765
GFPP_8,p,1.372,1.6922,0.3751
GFPP_18,p,1.3634,1.6825,0.3993
GFPP_14,p,1.0895,1.4058,0.3198
GFPP_0,p,1.0559,1.3075,0.3879
GFPP_16,p,0.7896,1.1173,0.3062
GFPP_22,p,0.5917,0.9927,0.2532
GFPP_7,p,0.5324,0.9658,0.1701
GFPP_13,p,0.5605,0.8289,0.2983
GFPP_9,p,0.4832,0.6527,0.3295
GFPP_11,p,0.4193,0.5595,0.323
Well_0,g,0.3805,0.4842,0.0996
Well_1,g,0.3515,0.4453,0.066
GFPP_17,p,0.2704,0.4116,0.2773
GFPP_20,p,0.3009,0.4029,0.3274
GFPP_10,p,0.2592,0.3193,0.3632
Well_2,g,0.2488,0.3097,0.2908
Well_3,g,0.2047,0.264,-0.1043
GFPP_1,p,0.1378,0.185,0.3083
GFPP_12,p,0.1309,0.1813,0.3185
GFPP_23,p,0.1228,0.1651,0.3169
GFPP_19,p,0.0407,0.1496,-0.0063
GFPP_4,p,0.0943,0.1385,0.2973
GFPP_6,p,0.0041,0.0172,-0.0093
GFPP_15,p,0.0009,0.0057,-0.011
